query,response
Tell me about the Ancient Civilizations exhibition.,The Ancient Civilizations exhibition explores the history and culture of ancient civilizations.
What is the Ancient Civilizations exhibition about?,The Ancient Civilizations exhibition explores the history and culture of ancient civilizations.
Give me details on the Ancient Civilizations exhibition.,The Ancient Civilizations exhibition explores the history and culture of ancient civilizations.
What can you tell me about the Ancient Civilizations exhibition?,The Ancient Civilizations exhibition explores the history and culture of ancient civilizations.
Tell me more about the Ancient Civilizations exhibition.,The Ancient Civilizations exhibition explores the history and culture of ancient civilizations.
Describe the Ancient Civilizations exhibition for me.,The Ancient Civilizations exhibition explores the history and culture of ancient civilizations.
What does the Ancient Civilizations exhibition feature?,The Ancient Civilizations exhibition explores the history and culture of ancient civilizations.
Can you provide information on the Ancient Civilizations exhibition?,The Ancient Civilizations exhibition explores the history and culture of ancient civilizations.
What are the highlights of the Ancient Civilizations exhibition?,The Ancient Civilizations exhibition explores the history and culture of ancient civilizations.
Can you tell me about the exhibits in the Ancient Civilizations exhibition?,The Ancient Civilizations exhibition explores the history and culture of ancient civilizations.
What can I expect to see at the Ancient Civilizations exhibition?,The Ancient Civilizations exhibition explores the history and culture of ancient civilizations.
What are the key features of the Ancient Civilizations exhibition?,The Ancient Civilizations exhibition explores the history and culture of ancient civilizations.
Give me some information about the Ancient Civilizations exhibition.,The Ancient Civilizations exhibition explores the history and culture of ancient civilizations.
Whatâ€™s included in the Ancient Civilizations exhibition?,The Ancient Civilizations exhibition explores the history and culture of ancient civilizations.
Tell me about the artifacts in the Ancient Civilizations exhibition.,The Ancient Civilizations exhibition explores the history and culture of ancient civilizations.
What is the focus of the Ancient Civilizations exhibition?,The Ancient Civilizations exhibition explores the history and culture of ancient civilizations.
Tell me about the Ancient Civilizations exhibit.,The Ancient Civilizations exhibition explores the history and culture of ancient civilizations.
What are the main attractions of the Ancient Civilizations exhibition?,The Ancient Civilizations exhibition explores the history and culture of ancient civilizations.
What type of artifacts are showcased in the Ancient Civilizations exhibition?,The Ancient Civilizations exhibition explores the history and culture of ancient civilizations.
Can you give me an overview of the Ancient Civilizations exhibition?,The Ancient Civilizations exhibition explores the history and culture of ancient civilizations.
What themes are covered in the Ancient Civilizations exhibition?,The Ancient Civilizations exhibition explores the history and culture of ancient civilizations.
What kind of historical periods are featured in the Ancient Civilizations exhibition?,The Ancient Civilizations exhibition explores the history and culture of ancient civilizations.
Are there any interactive elements in the Ancient Civilizations exhibition?,The Ancient Civilizations exhibition explores the history and culture of ancient civilizations.
What is the main theme of the Ancient Civilizations exhibition?,The Ancient Civilizations exhibition explores the history and culture of ancient civilizations.
Can you tell me about the historical context of the Ancient Civilizations exhibition?,The Ancient Civilizations exhibition explores the history and culture of ancient civilizations.
How is the Ancient Civilizations exhibition curated?,The Ancient Civilizations exhibition explores the history and culture of ancient civilizations.
Are there any special events or lectures related to the Ancient Civilizations exhibition?,The Ancient Civilizations exhibition explores the history and culture of ancient civilizations.
What are the educational aspects of the Ancient Civilizations exhibition?,The Ancient Civilizations exhibition explores the history and culture of ancient civilizations.
What makes the Ancient Civilizations exhibition unique?,The Ancient Civilizations exhibition explores the history and culture of ancient civilizations.
Can you describe the layout of the Ancient Civilizations exhibition?,The Ancient Civilizations exhibition explores the history and culture of ancient civilizations.
What kind of multimedia is used in the Ancient Civilizations exhibition?,The Ancient Civilizations exhibition explores the history and culture of ancient civilizations.
Are there any special features in the Ancient Civilizations exhibition?,The Ancient Civilizations exhibition explores the history and culture of ancient civilizations.
What are the dates for the Ancient Civilizations exhibition?,"The Ancient Civilizations exhibition runs from September 1, 2024, to December 31, 2024."
When does the Ancient Civilizations exhibition start and end?,"The Ancient Civilizations exhibition runs from September 1, 2024, to December 31, 2024."
Can you tell me the exhibition period for Ancient Civilizations?,"The Ancient Civilizations exhibition runs from September 1, 2024, to December 31, 2024."
When is the Ancient Civilizations exhibition available?,"The Ancient Civilizations exhibition runs from September 1, 2024, to December 31, 2024."
What are the exhibition dates for Ancient Civilizations?,"The Ancient Civilizations exhibition runs from September 1, 2024, to December 31, 2024."
From when to when is the Ancient Civilizations exhibition running?,"The Ancient Civilizations exhibition runs from September 1, 2024, to December 31, 2024."
What are the start and end dates for the Ancient Civilizations exhibition?,"The Ancient Civilizations exhibition runs from September 1, 2024, to December 31, 2024."
When can I visit the Ancient Civilizations exhibition?,"The Ancient Civilizations exhibition runs from September 1, 2024, to December 31, 2024."
Can you provide the schedule for the Ancient Civilizations exhibition?,"The Ancient Civilizations exhibition runs from September 1, 2024, to December 31, 2024."
What is the duration of the Ancient Civilizations exhibition?,"The Ancient Civilizations exhibition runs from September 1, 2024, to December 31, 2024."
When does the Ancient Civilizations exhibition begin and finish?,"The Ancient Civilizations exhibition runs from September 1, 2024, to December 31, 2024."
How long will the Ancient Civilizations exhibition be held?,"The Ancient Civilizations exhibition runs from September 1, 2024, to December 31, 2024."
What are the opening and closing dates for the Ancient Civilizations exhibition?,"The Ancient Civilizations exhibition runs from September 1, 2024, to December 31, 2024."
Until when is the Ancient Civilizations exhibition running?,"The Ancient Civilizations exhibition runs from September 1, 2024, to December 31, 2024."
When is the Ancient Civilizations exhibition scheduled?,"The Ancient Civilizations exhibition runs from September 1, 2024, to December 31, 2024."
What is the timeframe for the Ancient Civilizations exhibition?,"The Ancient Civilizations exhibition runs from September 1, 2024, to December 31, 2024."
Can you tell me the exhibition period for Ancient Civilizations?,"The Ancient Civilizations exhibition runs from September 1, 2024, to December 31, 2024."
What are the start and end dates for the exhibition of Ancient Civilizations?,"The Ancient Civilizations exhibition runs from September 1, 2024, to December 31, 2024."
How long will the Ancient Civilizations exhibition be available?,"The Ancient Civilizations exhibition runs from September 1, 2024, to December 31, 2024."
When is the Ancient Civilizations exhibition starting and ending?,"The Ancient Civilizations exhibition runs from September 1, 2024, to December 31, 2024."
What are the exact dates for the Ancient Civilizations exhibition?,"The Ancient Civilizations exhibition runs from September 1, 2024, to December 31, 2024."
Can you provide the exhibition timeline for Ancient Civilizations?,"The Ancient Civilizations exhibition runs from September 1, 2024, to December 31, 2024."
How long is the Ancient Civilizations exhibition on display?,"The Ancient Civilizations exhibition runs from September 1, 2024, to December 31, 2024."
From which date to which date is the Ancient Civilizations exhibition available?,"The Ancient Civilizations exhibition runs from September 1, 2024, to December 31, 2024."
What are the opening and closing dates of the Ancient Civilizations exhibition?,"The Ancient Civilizations exhibition runs from September 1, 2024, to December 31, 2024."
What are the exhibition times for Ancient Civilizations?,The Ancient Civilizations exhibition is open from 3:00 AM to 5:00 PM daily.
Can you tell me the visiting hours for Ancient Civilizations?,The Ancient Civilizations exhibition is open from 3:00 AM to 5:00 PM daily.
When can I visit the Ancient Civilizations exhibition?,The Ancient Civilizations exhibition is open from 3:00 AM to 5:00 PM daily.
What are the opening hours of the Ancient Civilizations show?,The Ancient Civilizations exhibition is open from 3:00 AM to 5:00 PM daily.
Tell me the schedule for Ancient Civilizations exhibition.,The Ancient Civilizations exhibition is open from 3:00 AM to 5:00 PM daily.
What time is the Ancient Civilizations exhibition open each day?,The Ancient Civilizations exhibition is open from 3:00 AM to 5:00 PM daily.
How long can I visit the Ancient Civilizations show?,The Ancient Civilizations exhibition is open from 3:00 AM to 5:00 PM daily.
Give me the timings for the Ancient Civilizations exhibition.,The Ancient Civilizations exhibition is open from 3:00 AM to 5:00 PM daily.
When is the Ancient Civilizations exhibition available?,The Ancient Civilizations exhibition is open from 3:00 AM to 5:00 PM daily.
What are the daily hours for Ancient Civilizations?,The Ancient Civilizations exhibition is open from 3:00 AM to 5:00 PM daily.
Are there any changes to the visiting hours for Ancient Civilizations this month?,The Ancient Civilizations exhibition is open from 3:00 AM to 5:00 PM daily.
Can you provide the showtimes for Ancient Civilizations?,The Ancient Civilizations exhibition is open from 3:00 AM to 5:00 PM daily.
When is the best time to visit the Ancient Civilizations exhibition?,The Ancient Civilizations exhibition is open from 3:00 AM to 5:00 PM daily.
What are the daily visiting hours for Ancient Civilizations?,The Ancient Civilizations exhibition is open from 3:00 AM to 5:00 PM daily.
How long is the Ancient Civilizations exhibition open each day?,The Ancient Civilizations exhibition is open from 3:00 AM to 5:00 PM daily.
What is the schedule for visiting Ancient Civilizations?,The Ancient Civilizations exhibition is open from 3:00 AM to 5:00 PM daily.
At what times can I visit Ancient Civilizations?,The Ancient Civilizations exhibition is open from 3:00 AM to 5:00 PM daily.
When does the Ancient Civilizations exhibition open and close?,The Ancient Civilizations exhibition is open from 3:00 AM to 5:00 PM daily.
What are the hours for the Ancient Civilizations show each day?,The Ancient Civilizations exhibition is open from 3:00 AM to 5:00 PM daily.
Can you list the daily hours for the Ancient Civilizations exhibition?,The Ancient Civilizations exhibition is open from 3:00 AM to 5:00 PM daily.
What is the ticket price for the Ancient Civilizations exhibition?,The ticket price for the Ancient Civilizations exhibition is $15 for adults and $8 for children.
How much does it cost for an adult ticket to the Ancient Civilizations exhibition?,The ticket price for the Ancient Civilizations exhibition is $15 for adults and $8 for children.
Can you tell me the admission fee for the Ancient Civilizations exhibition?,The ticket price for the Ancient Civilizations exhibition is $15 for adults and $8 for children.
What are the ticket prices for the Ancient Civilizations exhibition?,The ticket price for the Ancient Civilizations exhibition is $15 for adults and $8 for children.
How much are tickets for the Ancient Civilizations exhibition for adults and children?,The ticket price for the Ancient Civilizations exhibition is $15 for adults and $8 for children.
What is the cost of admission to the Ancient Civilizations exhibition?,The ticket price for the Ancient Civilizations exhibition is $15 for adults and $8 for children.
How much does it cost for a child to get into the Ancient Civilizations exhibition?,The ticket price for the Ancient Civilizations exhibition is $15 for adults and $8 for children.
What is the price of a standard ticket to the Ancient Civilizations exhibition?,The ticket price for the Ancient Civilizations exhibition is $15 for adults and $8 for children.
Can you provide the ticket pricing for the Ancient Civilizations exhibition?,The ticket price for the Ancient Civilizations exhibition is $15 for adults and $8 for children.
How much is an entry ticket to the Ancient Civilizations exhibition?,The ticket price for the Ancient Civilizations exhibition is $15 for adults and $8 for children.
What are the fees for admission to the Ancient Civilizations exhibition?,The ticket price for the Ancient Civilizations exhibition is $15 for adults and $8 for children.
Is there a discount for tickets to the Ancient Civilizations exhibition?,The ticket price for the Ancient Civilizations exhibition is $15 for adults and $8 for children.
What is the cost for group tickets to the Ancient Civilizations exhibition?,The ticket price for the Ancient Civilizations exhibition is $15 for adults and $8 for children.
Are there any discounts for early bookings to the Ancient Civilizations exhibition?,The ticket price for the Ancient Civilizations exhibition is $15 for adults and $8 for children.
How much does it cost for a ticket to the Ancient Civilizations exhibition?,The ticket price for the Ancient Civilizations exhibition is $15 for adults and $8 for children.
What are the prices for adult and child tickets to the Ancient Civilizations exhibition?,The ticket price for the Ancient Civilizations exhibition is $15 for adults and $8 for children.
Can you tell me about the ticket pricing for the Ancient Civilizations exhibition?,The ticket price for the Ancient Civilizations exhibition is $15 for adults and $8 for children.
What are the current ticket prices for the Ancient Civilizations exhibition?,The ticket price for the Ancient Civilizations exhibition is $15 for adults and $8 for children.
Is there a specific price for adults and children for the Ancient Civilizations exhibition?,The ticket price for the Ancient Civilizations exhibition is $15 for adults and $8 for children.
Where can I find detailed pricing information for the Ancient Civilizations exhibition?,The ticket price for the Ancient Civilizations exhibition is $15 for adults and $8 for children.
Is the Ancient Civilizations exhibition available in other languages?,"Yes, the Ancient Civilizations exhibition offers information in multiple languages, including English, Spanish, and French."
What languages are supported at the Ancient Civilizations exhibition?,"Yes, the Ancient Civilizations exhibition offers information in multiple languages, including English, Spanish, and French."
Can I get information about the Ancient Civilizations exhibition in different languages?,"Yes, the Ancient Civilizations exhibition offers information in multiple languages, including English, Spanish, and French."
Are there language options for the Ancient Civilizations exhibition?,"Yes, the Ancient Civilizations exhibition offers information in multiple languages, including English, Spanish, and French."
What languages can I use for the Ancient Civilizations exhibition?,"Yes, the Ancient Civilizations exhibition offers information in multiple languages, including English, Spanish, and French."
Is there language support for the Ancient Civilizations exhibition?,"Yes, the Ancient Civilizations exhibition offers information in multiple languages, including English, Spanish, and French."
Can I visit the Ancient Civilizations exhibition in a language other than English?,"Yes, the Ancient Civilizations exhibition offers information in multiple languages, including English, Spanish, and French."
What language services are available for the Ancient Civilizations exhibition?,"Yes, the Ancient Civilizations exhibition offers information in multiple languages, including English, Spanish, and French."
Are there multilingual guides for the Ancient Civilizations exhibition?,"Yes, the Ancient Civilizations exhibition offers information in multiple languages, including English, Spanish, and French."
What are the language options for the Ancient Civilizations exhibition?,"Yes, the Ancient Civilizations exhibition offers information in multiple languages, including English, Spanish, and French."
Can the Ancient Civilizations exhibition be accessed in multiple languages?,"Yes, the Ancient Civilizations exhibition offers information in multiple languages, including English, Spanish, and French."
Do you offer any language assistance for the Ancient Civilizations exhibition?,"Yes, the Ancient Civilizations exhibition offers information in multiple languages, including English, Spanish, and French."
Are there translations available for the Ancient Civilizations exhibition?,"Yes, the Ancient Civilizations exhibition offers information in multiple languages, including English, Spanish, and French."
What language support is available for the Ancient Civilizations exhibition?,"Yes, the Ancient Civilizations exhibition offers information in multiple languages, including English, Spanish, and French."
Is there an option to view the Ancient Civilizations exhibition in other languages?,"Yes, the Ancient Civilizations exhibition offers information in multiple languages, including English, Spanish, and French."
Can I get a language guide for the Ancient Civilizations exhibition?,"Yes, the Ancient Civilizations exhibition offers information in multiple languages, including English, Spanish, and French."
Are audio guides available in different languages for the Ancient Civilizations exhibition?,"Yes, the Ancient Civilizations exhibition offers information in multiple languages, including English, Spanish, and French."
What languages are available for the Ancient Civilizations exhibition?,"Yes, the Ancient Civilizations exhibition offers information in multiple languages, including English, Spanish, and French."
"Can I get information in Spanish, French, or other languages for the Ancient Civilizations exhibition?","Yes, the Ancient Civilizations exhibition offers information in multiple languages, including English, Spanish, and French."
Is there language accessibility for the Ancient Civilizations exhibition?,"Yes, the Ancient Civilizations exhibition offers information in multiple languages, including English, Spanish, and French."
Tell me about the Space Exploration exhibition.,The Space Exploration exhibition explores the history and achievements of human space exploration.
What is the Space Exploration exhibition about?,The Space Exploration exhibition explores the history and achievements of human space exploration.
Give me details on the Space Exploration exhibition.,The Space Exploration exhibition explores the history and achievements of human space exploration.
What can you tell me about the Space Exploration exhibition?,The Space Exploration exhibition explores the history and achievements of human space exploration.
Tell me more about the Space Exploration exhibition.,The Space Exploration exhibition explores the history and achievements of human space exploration.
Describe the Space Exploration exhibition for me.,The Space Exploration exhibition explores the history and achievements of human space exploration.
What does the Space Exploration exhibition feature?,The Space Exploration exhibition explores the history and achievements of human space exploration.
Can you provide information on the Space Exploration exhibition?,The Space Exploration exhibition explores the history and achievements of human space exploration.
What are the highlights of the Space Exploration exhibition?,The Space Exploration exhibition explores the history and achievements of human space exploration.
Can you tell me about the exhibits in the Space Exploration exhibition?,The Space Exploration exhibition explores the history and achievements of human space exploration.
What can I expect to see at the Space Exploration exhibition?,The Space Exploration exhibition explores the history and achievements of human space exploration.
What are the key features of the Space Exploration exhibition?,The Space Exploration exhibition explores the history and achievements of human space exploration.
Give me some information about the Space Exploration exhibition.,The Space Exploration exhibition explores the history and achievements of human space exploration.
Whatâ€™s included in the Space Exploration exhibition?,The Space Exploration exhibition explores the history and achievements of human space exploration.
Tell me about the artifacts in the Space Exploration exhibition.,The Space Exploration exhibition explores the history and achievements of human space exploration.
What is the focus of the Space Exploration exhibition?,The Space Exploration exhibition explores the history and achievements of human space exploration.
Tell me about the Space Exploration exhibit.,The Space Exploration exhibition explores the history and achievements of human space exploration.
What are the main attractions of the Space Exploration exhibition?,The Space Exploration exhibition explores the history and achievements of human space exploration.
What type of space artifacts are showcased in the Space Exploration exhibition?,The Space Exploration exhibition explores the history and achievements of human space exploration.
Can you give me an overview of the Space Exploration exhibition?,The Space Exploration exhibition explores the history and achievements of human space exploration.
What themes are covered in the Space Exploration exhibition?,The Space Exploration exhibition explores the history and achievements of human space exploration.
What kind of space missions are featured in the Space Exploration exhibition?,The Space Exploration exhibition explores the history and achievements of human space exploration.
Are there any interactive elements in the Space Exploration exhibition?,The Space Exploration exhibition explores the history and achievements of human space exploration.
What is the main theme of the Space Exploration exhibition?,The Space Exploration exhibition explores the history and achievements of human space exploration.
Can you tell me about the space exploration missions highlighted in the exhibition?,The Space Exploration exhibition explores the history and achievements of human space exploration.
How is the Space Exploration exhibition curated?,The Space Exploration exhibition explores the history and achievements of human space exploration.
Are there any special events or lectures related to the Space Exploration exhibition?,The Space Exploration exhibition explores the history and achievements of human space exploration.
What are the educational aspects of the Space Exploration exhibition?,The Space Exploration exhibition explores the history and achievements of human space exploration.
What makes the Space Exploration exhibition unique?,The Space Exploration exhibition explores the history and achievements of human space exploration.
Can you describe the layout of the Space Exploration exhibition?,The Space Exploration exhibition explores the history and achievements of human space exploration.
What kind of multimedia is used in the Space Exploration exhibition?,The Space Exploration exhibition explores the history and achievements of human space exploration.
Are there any special features in the Space Exploration exhibition?,The Space Exploration exhibition explores the history and achievements of human space exploration.
When does Space Exploration start and end?,"runs from October 1, 2024, to January 31, 2025."
What are the start and end dates for the Space Exploration exhibition?,"runs from October 1, 2024, to January 31, 2025."
Can you tell me the dates for the Space Exploration exhibition?,"runs from October 1, 2024, to January 31, 2025."
What is the duration of the Space Exploration exhibition?,"runs from October 1, 2024, to January 31, 2025."
From when to when is the Space Exploration exhibition?,"runs from October 1, 2024, to January 31, 2025."
When can I visit the Space Exploration exhibition?,"runs from October 1, 2024, to January 31, 2025."
Tell me the exhibition dates for Space Exploration.,"runs from October 1, 2024, to January 31, 2025."
What are the opening and closing dates for Space Exploration?,"runs from October 1, 2024, to January 31, 2025."
What are the start and end times for the Space Exploration exhibition?,"runs from October 1, 2024, to January 31, 2025."
When will the Space Exploration exhibition begin and end?,"runs from October 1, 2024, to January 31, 2025."
Could you provide the schedule for the Space Exploration exhibition?,"runs from October 1, 2024, to January 31, 2025."
What is the timeframe for the Space Exploration exhibition?,"runs from October 1, 2024, to January 31, 2025."
When does the Space Exploration exhibition start and finish?,"runs from October 1, 2024, to January 31, 2025."
Can you provide the opening and closing dates for the Space Exploration exhibition?,"runs from October 1, 2024, to January 31, 2025."
What are the exhibition dates for Space Exploration?,"runs from October 1, 2024, to January 31, 2025."
When is the Space Exploration exhibition running?,"runs from October 1, 2024, to January 31, 2025."
Are there any special closing dates for the Space Exploration exhibition?,"runs from October 1, 2024, to January 31, 2025."
Can you confirm the duration of the Space Exploration exhibition?,"runs from October 1, 2024, to January 31, 2025."
Is the Space Exploration exhibition open on public holidays?,"runs from October 1, 2024, to January 31, 2025."
What is the exact schedule for the Space Exploration exhibition?,"runs from October 1, 2024, to January 31, 2025."
Are there any changes to the opening dates for the Space Exploration exhibition?,"runs from October 1, 2024, to January 31, 2025."
When does the Space Exploration exhibition open and close each day?,"runs from October 1, 2024, to January 31, 2025."
Can you provide details on any extended dates for the Space Exploration exhibition?,"runs from October 1, 2024, to January 31, 2025."
What is the complete schedule for visiting the Space Exploration exhibition?,"runs from October 1, 2024, to January 31, 2025."
Will there be any early closures or special timings for the Space Exploration exhibition?,"runs from October 1, 2024, to January 31, 2025."
What are the showtimes for Space Exploration?,The Space Exploration exhibition is open daily from 10:00 AM to 6:00 PM.
Can you tell me the showtimes for the Space Exploration exhibition?,The Space Exploration exhibition is open daily from 10:00 AM to 6:00 PM.
When can I see the Space Exploration exhibition?,The Space Exploration exhibition is open daily from 10:00 AM to 6:00 PM.
What time does the Space Exploration exhibition start?,The Space Exploration exhibition is open daily from 10:00 AM to 6:00 PM.
Tell me the showtimes for Space Exploration.,The Space Exploration exhibition is open daily from 10:00 AM to 6:00 PM.
What are the exhibition hours for Space Exploration?,The Space Exploration exhibition is open daily from 10:00 AM to 6:00 PM.
When is the Space Exploration exhibition available?,The Space Exploration exhibition is open daily from 10:00 AM to 6:00 PM.
Can you provide the showtimes for Space Exploration?,The Space Exploration exhibition is open daily from 10:00 AM to 6:00 PM.
What times are the Space Exploration exhibition running?,The Space Exploration exhibition is open daily from 10:00 AM to 6:00 PM.
At what times can I see the Space Exploration exhibition?,The Space Exploration exhibition is open daily from 10:00 AM to 6:00 PM.
Can you share the schedule for the Space Exploration exhibition?,The Space Exploration exhibition is open daily from 10:00 AM to 6:00 PM.
What are the daily showtimes for the Space Exploration exhibition?,The Space Exploration exhibition is open daily from 10:00 AM to 6:00 PM.
What time slots are available for the Space Exploration exhibition?,The Space Exploration exhibition is open daily from 10:00 AM to 6:00 PM.
When is the Space Exploration exhibition open each day?,The Space Exploration exhibition is open daily from 10:00 AM to 6:00 PM.
What are the visiting hours for the Space Exploration exhibition?,The Space Exploration exhibition is open daily from 10:00 AM to 6:00 PM.
Tell me the daily visiting times for Space Exploration.,The Space Exploration exhibition is open daily from 10:00 AM to 6:00 PM.
What are the opening and closing times for the Space Exploration exhibition?,The Space Exploration exhibition is open daily from 10:00 AM to 6:00 PM.
Are there any specific times for the Space Exploration exhibition?,The Space Exploration exhibition is open daily from 10:00 AM to 6:00 PM.
Can you give me the exhibition showtimes for Space Exploration?,The Space Exploration exhibition is open daily from 10:00 AM to 6:00 PM.
What is the schedule for viewing the Space Exploration exhibition each day?,The Space Exploration exhibition is open daily from 10:00 AM to 6:00 PM.
When does the Space Exploration exhibition open and close?,The Space Exploration exhibition is open daily from 10:00 AM to 6:00 PM.
What is the ticket price for the Space Exploration exhibition?,The ticket price for the Space Exploration exhibition is $20 for adults and $10 for children.
How much does it cost to visit the Space Exploration exhibition?,The ticket price for the Space Exploration exhibition is $20 for adults and $10 for children.
Can you tell me the ticket price for Space Exploration?,The ticket price for the Space Exploration exhibition is $20 for adults and $10 for children.
What are the ticket prices for the Space Exploration exhibition?,The ticket price for the Space Exploration exhibition is $20 for adults and $10 for children.
How much is a ticket to the Space Exploration exhibition?,The ticket price for the Space Exploration exhibition is $20 for adults and $10 for children.
What is the cost of admission for the Space Exploration exhibition?,The ticket price for the Space Exploration exhibition is $20 for adults and $10 for children.
Tell me the price of tickets for Space Exploration.,The ticket price for the Space Exploration exhibition is $20 for adults and $10 for children.
What are the rates for the Space Exploration exhibition?,The ticket price for the Space Exploration exhibition is $20 for adults and $10 for children.
How much do tickets to the Space Exploration exhibition cost?,The ticket price for the Space Exploration exhibition is $20 for adults and $10 for children.
Can you provide the ticket pricing for Space Exploration?,The ticket price for the Space Exploration exhibition is $20 for adults and $10 for children.
What is the price to enter the Space Exploration exhibition?,The ticket price for the Space Exploration exhibition is $20 for adults and $10 for children.
What are the ticket costs for the Space Exploration exhibition?,The ticket price for the Space Exploration exhibition is $20 for adults and $10 for children.
Are there any discounts available for the Space Exploration exhibition?,The ticket price for the Space Exploration exhibition is $20 for adults and $10 for children.
What are the admission fees for the Space Exploration exhibition?,The ticket price for the Space Exploration exhibition is $20 for adults and $10 for children.
Can you tell me about ticket pricing for Space Exploration?,The ticket price for the Space Exploration exhibition is $20 for adults and $10 for children.
How much is the entry fee for the Space Exploration exhibition?,The ticket price for the Space Exploration exhibition is $20 for adults and $10 for children.
What is the pricing structure for Space Exploration tickets?,The ticket price for the Space Exploration exhibition is $20 for adults and $10 for children.
Are there different ticket prices for children and adults for the Space Exploration exhibition?,The ticket price for the Space Exploration exhibition is $20 for adults and $10 for children.
What are the ticket price categories for the Space Exploration exhibition?,The ticket price for the Space Exploration exhibition is $20 for adults and $10 for children.
Can you break down the ticket prices for the Space Exploration exhibition?,The ticket price for the Space Exploration exhibition is $20 for adults and $10 for children.
Is the Space Exploration exhibition available in other languages?,"Yes, the Space Exploration exhibition offers information in multiple languages, including English, Spanish, and French."
What languages are supported at the Space Exploration exhibition?,"Yes, the Space Exploration exhibition offers information in multiple languages, including English, Spanish, and French."
Can I get information about the Space Exploration exhibition in different languages?,"Yes, the Space Exploration exhibition offers information in multiple languages, including English, Spanish, and French."
Are there language options for the Space Exploration exhibition?,"Yes, the Space Exploration exhibition offers information in multiple languages, including English, Spanish, and French."
What languages can I use for the Space Exploration exhibition?,"Yes, the Space Exploration exhibition offers information in multiple languages, including English, Spanish, and French."
Is there language support for the Space Exploration exhibition?,"Yes, the Space Exploration exhibition offers information in multiple languages, including English, Spanish, and French."
Can I visit the Space Exploration exhibition in a language other than English?,"Yes, the Space Exploration exhibition offers information in multiple languages, including English, Spanish, and French."
What language services are available for the Space Exploration exhibition?,"Yes, the Space Exploration exhibition offers information in multiple languages, including English, Spanish, and French."
Are there multilingual guides for the Space Exploration exhibition?,"Yes, the Space Exploration exhibition offers information in multiple languages, including English, Spanish, and French."
What are the language options for the Space Exploration exhibition?,"Yes, the Space Exploration exhibition offers information in multiple languages, including English, Spanish, and French."
Can the Space Exploration exhibition be accessed in multiple languages?,"Yes, the Space Exploration exhibition offers information in multiple languages, including English, Spanish, and French."
Do you offer any language assistance for the Space Exploration exhibition?,"Yes, the Space Exploration exhibition offers information in multiple languages, including English, Spanish, and French."
Are there translations available for the Space Exploration exhibition?,"Yes, the Space Exploration exhibition offers information in multiple languages, including English, Spanish, and French."
What language support is available for the Space Exploration exhibition?,"Yes, the Space Exploration exhibition offers information in multiple languages, including English, Spanish, and French."
Is there an option to view the Space Exploration exhibition in other languages?,"Yes, the Space Exploration exhibition offers information in multiple languages, including English, Spanish, and French."
Can I get a language guide for the Space Exploration exhibition?,"Yes, the Space Exploration exhibition offers information in multiple languages, including English, Spanish, and French."
Are audio guides available in different languages for the Space Exploration exhibition?,"Yes, the Space Exploration exhibition offers information in multiple languages, including English, Spanish, and French."
What languages are available for the Space Exploration exhibition?,"Yes, the Space Exploration exhibition offers information in multiple languages, including English, Spanish, and French."
"Can I get information in Spanish, French, or other languages for the Space Exploration exhibition?","Yes, the Space Exploration exhibition offers information in multiple languages, including English, Spanish, and French."
Is there language accessibility for the Space Exploration exhibition?,"Yes, the Space Exploration exhibition offers information in multiple languages, including English, Spanish, and French."
Tell me about the Renaissance Art and Culture exhibition.,The Renaissance Art and Culture exhibition explores the artistic and cultural achievements of the Renaissance period.
What is the Renaissance Art and Culture exhibition about?,The Renaissance Art and Culture exhibition explores the artistic and cultural achievements of the Renaissance period.
Give me details on the Renaissance Art and Culture exhibition.,The Renaissance Art and Culture exhibition explores the artistic and cultural achievements of the Renaissance period.
What can you tell me about the Renaissance Art and Culture exhibition?,The Renaissance Art and Culture exhibition explores the artistic and cultural achievements of the Renaissance period.
Tell me more about the Renaissance Art and Culture exhibition.,The Renaissance Art and Culture exhibition explores the artistic and cultural achievements of the Renaissance period.
Describe the Renaissance Art and Culture exhibition for me.,The Renaissance Art and Culture exhibition explores the artistic and cultural achievements of the Renaissance period.
What does the Renaissance Art and Culture exhibition feature?,The Renaissance Art and Culture exhibition explores the artistic and cultural achievements of the Renaissance period.
Can you provide information on the Renaissance Art and Culture exhibition?,The Renaissance Art and Culture exhibition explores the artistic and cultural achievements of the Renaissance period.
What are the highlights of the Renaissance Art and Culture exhibition?,The Renaissance Art and Culture exhibition explores the artistic and cultural achievements of the Renaissance period.
Can you tell me about the exhibits in the Renaissance Art and Culture exhibition?,The Renaissance Art and Culture exhibition explores the artistic and cultural achievements of the Renaissance period.
What can I expect to see at the Renaissance Art and Culture exhibition?,The Renaissance Art and Culture exhibition explores the artistic and cultural achievements of the Renaissance period.
What are the key features of the Renaissance Art and Culture exhibition?,The Renaissance Art and Culture exhibition explores the artistic and cultural achievements of the Renaissance period.
Give me some information about the Renaissance Art and Culture exhibition.,The Renaissance Art and Culture exhibition explores the artistic and cultural achievements of the Renaissance period.
Whatâ€™s included in the Renaissance Art and Culture exhibition?,The Renaissance Art and Culture exhibition explores the artistic and cultural achievements of the Renaissance period.
Tell me about the artifacts in the Renaissance Art and Culture exhibition.,The Renaissance Art and Culture exhibition explores the artistic and cultural achievements of the Renaissance period.
What is the focus of the Renaissance Art and Culture exhibition?,The Renaissance Art and Culture exhibition explores the artistic and cultural achievements of the Renaissance period.
Tell me about the Renaissance Art and Culture exhibit.,The Renaissance Art and Culture exhibition explores the artistic and cultural achievements of the Renaissance period.
What are the main attractions of the Renaissance Art and Culture exhibition?,The Renaissance Art and Culture exhibition explores the artistic and cultural achievements of the Renaissance period.
What type of art and artifacts are showcased in the Renaissance Art and Culture exhibition?,The Renaissance Art and Culture exhibition explores the artistic and cultural achievements of the Renaissance period.
Can you give me an overview of the Renaissance Art and Culture exhibition?,The Renaissance Art and Culture exhibition explores the artistic and cultural achievements of the Renaissance period.
What themes are covered in the Renaissance Art and Culture exhibition?,The Renaissance Art and Culture exhibition explores the artistic and cultural achievements of the Renaissance period.
What kind of Renaissance artists and artworks are featured in the Renaissance Art and Culture exhibition?,The Renaissance Art and Culture exhibition explores the artistic and cultural achievements of the Renaissance period.
Are there any interactive elements in the Renaissance Art and Culture exhibition?,The Renaissance Art and Culture exhibition explores the artistic and cultural achievements of the Renaissance period.
What is the main theme of the Renaissance Art and Culture exhibition?,The Renaissance Art and Culture exhibition explores the artistic and cultural achievements of the Renaissance period.
Can you tell me about the Renaissance artists highlighted in the exhibition?,The Renaissance Art and Culture exhibition explores the artistic and cultural achievements of the Renaissance period.
How is the Renaissance Art and Culture exhibition curated?,The Renaissance Art and Culture exhibition explores the artistic and cultural achievements of the Renaissance period.
Are there any special events or lectures related to the Renaissance Art and Culture exhibition?,The Renaissance Art and Culture exhibition explores the artistic and cultural achievements of the Renaissance period.
What are the educational aspects of the Renaissance Art and Culture exhibition?,The Renaissance Art and Culture exhibition explores the artistic and cultural achievements of the Renaissance period.
What makes the Renaissance Art and Culture exhibition unique?,The Renaissance Art and Culture exhibition explores the artistic and cultural achievements of the Renaissance period.
Can you describe the layout of the Renaissance Art and Culture exhibition?,The Renaissance Art and Culture exhibition explores the artistic and cultural achievements of the Renaissance period.
What kind of multimedia is used in the Renaissance Art and Culture exhibition?,The Renaissance Art and Culture exhibition explores the artistic and cultural achievements of the Renaissance period.
Are there any special features in the Renaissance Art and Culture exhibition?,The Renaissance Art and Culture exhibition explores the artistic and cultural achievements of the Renaissance period.
When does Renaissance Art and Culture start and end?,"The Renaissance Art and Culture exhibition runs from November 1, 2024, to April 30, 2025."
What are the start and end dates for the Renaissance Art and Culture exhibition?,"The Renaissance Art and Culture exhibition runs from November 1, 2024, to April 30, 2025."
Can you tell me the dates for the Renaissance Art and Culture exhibition?,"The Renaissance Art and Culture exhibition runs from November 1, 2024, to April 30, 2025."
What is the duration of the Renaissance Art and Culture exhibition?,"The Renaissance Art and Culture exhibition runs from November 1, 2024, to April 30, 2025."
From when to when is the Renaissance Art and Culture exhibition?,"The Renaissance Art and Culture exhibition runs from November 1, 2024, to April 30, 2025."
When can I visit the Renaissance Art and Culture exhibition?,"The Renaissance Art and Culture exhibition runs from November 1, 2024, to April 30, 2025."
Tell me the exhibition dates for Renaissance Art and Culture.,"The Renaissance Art and Culture exhibition runs from November 1, 2024, to April 30, 2025."
What are the opening and closing dates for Renaissance Art and Culture?,"The Renaissance Art and Culture exhibition runs from November 1, 2024, to April 30, 2025."
What are the start and end times for the Renaissance Art and Culture exhibition?,"The Renaissance Art and Culture exhibition runs from November 1, 2024, to April 30, 2025."
When will the Renaissance Art and Culture exhibition begin and end?,"The Renaissance Art and Culture exhibition runs from November 1, 2024, to April 30, 2025."
Could you provide the schedule for the Renaissance Art and Culture exhibition?,"The Renaissance Art and Culture exhibition runs from November 1, 2024, to April 30, 2025."
What is the timeframe for the Renaissance Art and Culture exhibition?,"The Renaissance Art and Culture exhibition runs from November 1, 2024, to April 30, 2025."
When does the Renaissance Art and Culture exhibition start and finish?,"The Renaissance Art and Culture exhibition runs from November 1, 2024, to April 30, 2025."
Can you provide the opening and closing dates for the Renaissance Art and Culture exhibition?,"The Renaissance Art and Culture exhibition runs from November 1, 2024, to April 30, 2025."
What are the exhibition dates for Renaissance Art and Culture?,"The Renaissance Art and Culture exhibition runs from November 1, 2024, to April 30, 2025."
When is the Renaissance Art and Culture exhibition running?,"The Renaissance Art and Culture exhibition runs from November 1, 2024, to April 30, 2025."
Are there any special closing dates for the Renaissance Art and Culture exhibition?,"The Renaissance Art and Culture exhibition runs from November 1, 2024, to April 30, 2025."
Can you confirm the duration of the Renaissance Art and Culture exhibition?,"The Renaissance Art and Culture exhibition runs from November 1, 2024, to April 30, 2025."
Is the Renaissance Art and Culture exhibition open on public holidays?,"The Renaissance Art and Culture exhibition runs from November 1, 2024, to April 30, 2025."
What is the exact schedule for the Renaissance Art and Culture exhibition?,"The Renaissance Art and Culture exhibition runs from November 1, 2024, to April 30, 2025."
Are there any changes to the opening dates for the Renaissance Art and Culture exhibition?,"The Renaissance Art and Culture exhibition runs from November 1, 2024, to April 30, 2025."
When does the Renaissance Art and Culture exhibition open and close each day?,"The Renaissance Art and Culture exhibition runs from November 1, 2024, to April 30, 2025."
Can you provide details on any extended dates for the Renaissance Art and Culture exhibition?,"The Renaissance Art and Culture exhibition runs from November 1, 2024, to April 30, 2025."
What is the complete schedule for visiting the Renaissance Art and Culture exhibition?,"The Renaissance Art and Culture exhibition runs from November 1, 2024, to April 30, 2025."
Will there be any early closures or special timings for the Renaissance Art and Culture exhibition?,"The Renaissance Art and Culture exhibition runs from November 1, 2024, to April 30, 2025."
What are the showtimes for Renaissance Art and Culture?,The Renaissance Art and Culture exhibition is open daily from 9:00 AM to 7:00 PM.
Can you tell me the showtimes for the Renaissance Art and Culture exhibition?,The Renaissance Art and Culture exhibition is open daily from 9:00 AM to 7:00 PM.
When can I see the Renaissance Art and Culture exhibition?,The Renaissance Art and Culture exhibition is open daily from 9:00 AM to 7:00 PM.
What time does the Renaissance Art and Culture exhibition start?,The Renaissance Art and Culture exhibition is open daily from 9:00 AM to 7:00 PM.
Tell me the showtimes for Renaissance Art and Culture.,The Renaissance Art and Culture exhibition is open daily from 9:00 AM to 7:00 PM.
When are the exhibition times for Renaissance Art and Culture?,The Renaissance Art and Culture exhibition is open daily from 9:00 AM to 7:00 PM.
What are the visiting hours for the Renaissance Art and Culture exhibition?,The Renaissance Art and Culture exhibition is open daily from 9:00 AM to 7:00 PM.
Can you provide the daily schedule for Renaissance Art and Culture?,The Renaissance Art and Culture exhibition is open daily from 9:00 AM to 7:00 PM.
What are the opening hours for Renaissance Art and Culture?,The Renaissance Art and Culture exhibition is open daily from 9:00 AM to 7:00 PM.
At what times can I visit the Renaissance Art and Culture exhibition?,The Renaissance Art and Culture exhibition is open daily from 9:00 AM to 7:00 PM.
What are the show timings for Renaissance Art and Culture?,The Renaissance Art and Culture exhibition is open daily from 9:00 AM to 7:00 PM.
When is the best time to visit the Renaissance Art and Culture exhibition?,The Renaissance Art and Culture exhibition is open daily from 9:00 AM to 7:00 PM.
Can I get the schedule for the Renaissance Art and Culture exhibition?,The Renaissance Art and Culture exhibition is open daily from 9:00 AM to 7:00 PM.
What time does the Renaissance Art and Culture exhibition open and close?,The Renaissance Art and Culture exhibition is open daily from 9:00 AM to 7:00 PM.
What are the exhibition hours for Renaissance Art and Culture?,The Renaissance Art and Culture exhibition is open daily from 9:00 AM to 7:00 PM.
Can you provide the daily timings for the Renaissance Art and Culture exhibition?,The Renaissance Art and Culture exhibition is open daily from 9:00 AM to 7:00 PM.
When is the Renaissance Art and Culture exhibition open each day?,The Renaissance Art and Culture exhibition is open daily from 9:00 AM to 7:00 PM.
What are the specific showtimes for Renaissance Art and Culture?,The Renaissance Art and Culture exhibition is open daily from 9:00 AM to 7:00 PM.
Are there specific times to visit the Renaissance Art and Culture exhibition?,The Renaissance Art and Culture exhibition is open daily from 9:00 AM to 7:00 PM.
Can you provide the hours for the Renaissance Art and Culture exhibition?,The Renaissance Art and Culture exhibition is open daily from 9:00 AM to 7:00 PM.
What are the daily showtimes for Renaissance Art and Culture?,The Renaissance Art and Culture exhibition is open daily from 9:00 AM to 7:00 PM.
Are there any special showtimes for the Renaissance Art and Culture exhibition?,The Renaissance Art and Culture exhibition is open daily from 9:00 AM to 7:00 PM.
When does the Renaissance Art and Culture exhibition start and end each day?,The Renaissance Art and Culture exhibition is open daily from 9:00 AM to 7:00 PM.
What are the visiting times for the Renaissance Art and Culture exhibition?,The Renaissance Art and Culture exhibition is open daily from 9:00 AM to 7:00 PM.
Can you tell me about the daily hours for the Renaissance Art and Culture exhibition?,The Renaissance Art and Culture exhibition is open daily from 9:00 AM to 7:00 PM.
Is the Renaissance Art and Culture exhibition available in other languages?,"The Renaissance Art and Culture exhibition offers information in English, Spanish, French, and German."
What languages are supported at the Renaissance Art and Culture exhibition?,"The Renaissance Art and Culture exhibition offers information in English, Spanish, French, and German."
Can I get information about the Renaissance Art and Culture exhibition in different languages?,"The Renaissance Art and Culture exhibition offers information in English, Spanish, French, and German."
Are there language options for the Renaissance Art and Culture exhibition?,"The Renaissance Art and Culture exhibition offers information in English, Spanish, French, and German."
What languages can I use for the Renaissance Art and Culture exhibition?,"The Renaissance Art and Culture exhibition offers information in English, Spanish, French, and German."
Is there language support for the Renaissance Art and Culture exhibition?,"The Renaissance Art and Culture exhibition offers information in English, Spanish, French, and German."
Can I visit the Renaissance Art and Culture exhibition in a language other than English?,"The Renaissance Art and Culture exhibition offers information in English, Spanish, French, and German."
What language services are available for the Renaissance Art and Culture exhibition?,"The Renaissance Art and Culture exhibition offers information in English, Spanish, French, and German."
Are there multilingual guides for the Renaissance Art and Culture exhibition?,"The Renaissance Art and Culture exhibition offers information in English, Spanish, French, and German."
What are the language options for the Renaissance Art and Culture exhibition?,"The Renaissance Art and Culture exhibition offers information in English, Spanish, French, and German."
Can the Renaissance Art and Culture exhibition be accessed in multiple languages?,"The Renaissance Art and Culture exhibition offers information in English, Spanish, French, and German."
Do you offer any language assistance for the Renaissance Art and Culture exhibition?,"The Renaissance Art and Culture exhibition offers information in English, Spanish, French, and German."
Are there translations available for the Renaissance Art and Culture exhibition?,"The Renaissance Art and Culture exhibition offers information in English, Spanish, French, and German."
What language support is available for the Renaissance Art and Culture exhibition?,"The Renaissance Art and Culture exhibition offers information in English, Spanish, French, and German."
Is there an option to view the Renaissance Art and Culture exhibition in other languages?,"The Renaissance Art and Culture exhibition offers information in English, Spanish, French, and German."
Can I get a language guide for the Renaissance Art and Culture exhibition?,"The Renaissance Art and Culture exhibition offers information in English, Spanish, French, and German."
Are there any language services for the Renaissance Art and Culture exhibition?,"The Renaissance Art and Culture exhibition offers information in English, Spanish, French, and German."
What are the language options for the Renaissance Art and Culture exhibition?,"The Renaissance Art and Culture exhibition offers information in English, Spanish, French, and German."
Can I get a multilingual guide for the Renaissance Art and Culture exhibition?,"The Renaissance Art and Culture exhibition offers information in English, Spanish, French, and German."
What languages are available for the Renaissance Art and Culture exhibition?,"The Renaissance Art and Culture exhibition offers information in English, Spanish, French, and German."
Are there any special language features for the Renaissance Art and Culture exhibition?,"The Renaissance Art and Culture exhibition offers information in English, Spanish, French, and German."
Can the Renaissance Art and Culture exhibition be experienced in different languages?,"The Renaissance Art and Culture exhibition offers information in English, Spanish, French, and German."
What language support is offered for the Renaissance Art and Culture exhibition?,"The Renaissance Art and Culture exhibition offers information in English, Spanish, French, and German."
Are there any language options for experiencing the Renaissance Art and Culture exhibition?,"The Renaissance Art and Culture exhibition offers information in English, Spanish, French, and German."
Is the Renaissance Art and Culture exhibition accessible in multiple languages?,"The Renaissance Art and Culture exhibition offers information in English, Spanish, French, and German."
What is the ticket price for the Renaissance Art and Culture exhibition?,"Tickets for the Renaissance Art and Culture exhibition are priced at $20 for adults, $15 for seniors, and $10 for children."
How much does it cost to visit the Renaissance Art and Culture exhibition?,"Tickets for the Renaissance Art and Culture exhibition are priced at $20 for adults, $15 for seniors, and $10 for children."
Can you tell me the ticket prices for Renaissance Art and Culture?,"Tickets for the Renaissance Art and Culture exhibition are priced at $20 for adults, $15 for seniors, and $10 for children."
What are the admission fees for the Renaissance Art and Culture exhibition?,"Tickets for the Renaissance Art and Culture exhibition are priced at $20 for adults, $15 for seniors, and $10 for children."
How much is the ticket for the Renaissance Art and Culture exhibition?,"Tickets for the Renaissance Art and Culture exhibition are priced at $20 for adults, $15 for seniors, and $10 for children."
What is the cost to get into the Renaissance Art and Culture exhibition?,"Tickets for the Renaissance Art and Culture exhibition are priced at $20 for adults, $15 for seniors, and $10 for children."
Are there different ticket prices for the Renaissance Art and Culture exhibition?,"Tickets for the Renaissance Art and Culture exhibition are priced at $20 for adults, $15 for seniors, and $10 for children."
What are the ticket options for the Renaissance Art and Culture exhibition?,"Tickets for the Renaissance Art and Culture exhibition are priced at $20 for adults, $15 for seniors, and $10 for children."
Can you provide information on ticket prices for the Renaissance Art and Culture exhibition?,"Tickets for the Renaissance Art and Culture exhibition are priced at $20 for adults, $15 for seniors, and $10 for children."
What are the rates for visiting the Renaissance Art and Culture exhibition?,"Tickets for the Renaissance Art and Culture exhibition are priced at $20 for adults, $15 for seniors, and $10 for children."
How much do tickets for the Renaissance Art and Culture exhibition cost?,"Tickets for the Renaissance Art and Culture exhibition are priced at $20 for adults, $15 for seniors, and $10 for children."
Are there any discounts available for the Renaissance Art and Culture exhibition?,"Tickets for the Renaissance Art and Culture exhibition are priced at $20 for adults, $15 for seniors, and $10 for children."
What is the price of admission to the Renaissance Art and Culture exhibition?,"Tickets for the Renaissance Art and Culture exhibition are priced at $20 for adults, $15 for seniors, and $10 for children."
Can I get a ticket for the Renaissance Art and Culture exhibition at a reduced price?,"Tickets for the Renaissance Art and Culture exhibition are priced at $20 for adults, $15 for seniors, and $10 for children."
What are the different ticket categories for the Renaissance Art and Culture exhibition?,"Tickets for the Renaissance Art and Culture exhibition are priced at $20 for adults, $15 for seniors, and $10 for children."
Are there any special ticket offers for the Renaissance Art and Culture exhibition?,"Tickets for the Renaissance Art and Culture exhibition are priced at $20 for adults, $15 for seniors, and $10 for children."
What is the standard ticket price for the Renaissance Art and Culture exhibition?,"Tickets for the Renaissance Art and Culture exhibition are priced at $20 for adults, $15 for seniors, and $10 for children."
How much are the tickets for the Renaissance Art and Culture exhibition?,"Tickets for the Renaissance Art and Culture exhibition are priced at $20 for adults, $15 for seniors, and $10 for children."
Can you provide ticket pricing details for the Renaissance Art and Culture exhibition?,"Tickets for the Renaissance Art and Culture exhibition are priced at $20 for adults, $15 for seniors, and $10 for children."
What are the ticket prices for adults and children for the Renaissance Art and Culture exhibition?,"Tickets for the Renaissance Art and Culture exhibition are priced at $20 for adults, $15 for seniors, and $10 for children."
Are there any family or group ticket options for the Renaissance Art and Culture exhibition?,"Tickets for the Renaissance Art and Culture exhibition are priced at $20 for adults, $15 for seniors, and $10 for children."
What is the cost of entry for the Renaissance Art and Culture exhibition?,"Tickets for the Renaissance Art and Culture exhibition are priced at $20 for adults, $15 for seniors, and $10 for children."
How much do I need to pay to visit the Renaissance Art and Culture exhibition?,"Tickets for the Renaissance Art and Culture exhibition are priced at $20 for adults, $15 for seniors, and $10 for children."
What is the price for a single admission to the Renaissance Art and Culture exhibition?,"Tickets for the Renaissance Art and Culture exhibition are priced at $20 for adults, $15 for seniors, and $10 for children."
Goodbye have a nice day,Goodbye! Have a great day!
Bye good luck!,Goodbye! Have a great day!
See you later,Goodbye! Have a great day!
Take care ,Goodbye! Have a great day!
Farewell,Goodbye! Have a great day!
See you soon,Goodbye! Have a great day!
Catch you later,Goodbye! Have a great day!
Have a great day,Goodbye! Have a great day!
Good night,Goodbye! Have a great day!
Bye-bye,Goodbye! Have a great day!
See you next time,Goodbye! Have a great day!
Talk to you later,Goodbye! Have a great day!
"Thank you, goodbye",Goodbye! Have a great day!
"Thanks, see you",Goodbye! Have a great day!
"Goodbye, have a nice day",Goodbye! Have a great day!
"Thank you, see you later",Goodbye! Have a great day!
"Goodbye, take care",Goodbye! Have a great day!
"Thanks for your help, goodbye",Goodbye! Have a great day!
"Goodbye, have a great day",Goodbye! Have a great day!
"See you later, alligator",Goodbye! Have a great day!
Hello,Hello! How can I assist you today?
Hi,Hello! How can I assist you today?
Hey,Hello! How can I assist you today?
Good morning,Hello! How can I assist you today?
Good afternoon,Hello! How can I assist you today?
Good evening,Hello! How can I assist you today?
How are you?,Hello! How can I assist you today?
Greetings,Hello! How can I assist you today?
Whatâ€™s up?,Hello! How can I assist you today?
Hi there,Hello! How can I assist you today?
Hey there,Hello! How can I assist you today?
Hello there,Hello! How can I assist you today?
Hiya,Hello! How can I assist you today?
Howdy,Hello! How can I assist you today?
"Hi, how can I help you?",Hello! How can I assist you today?
"Hello, how can I assist you?",Hello! How can I assist you today?
